Sr.No,Name,Mobile,Email,Budget,Location,Wedding Location,Guest,Date
66dc536aa3df54b06fe16117,Roshan9,8547868888,avinash@gmail.com,,Noida,Noida,500,2025-08-21T00:00:00.000Z
66dc5369a3df54b06fe16110,Roshan8,8217868888,avinash@gmail.com,,Noida,Noida,500,2025-08-21T00:00:00.000Z
66dc5368a3df54b06fe16109,Roshan5,8127868888,avinash@gmail.com,,Noida,Noida,500,2025-08-21T00:00:00.000Z
66dc5368a3df54b06fe16102,Roshan4,8865868888,avinash@gmail.com,,Noida,Noida,500,2025-08-21T00:00:00.000Z
66dc5367a3df54b06fe160fb,Roshan3,8888968888,avinash@gmail.com,,Noida,Noida,500,2025-08-21T00:00:00.000Z
66dc5366a3df54b06fe160f4,Roshan2,8882368888,avinash@gmail.com,,Noida,Noida,500,2025-08-21T00:00:00.000Z
66dc5366a3df54b06fe160ed,Roshan1,8887868888,avinash@gmail.com,,Noida,Noida,500,2025-08-21T00:00:00.000Z
66dc5365a3df54b06fe160e6,Roshan,8887868888,avinash@gmail.com,,Noida,Noida,500,2025-08-21T00:00:00.000Z
